file_name,file_path,class_name,class_index
0.jpeg,.\\Data\DataSet\training\25253 Penicillium\0.jpeg,25253 Penicillium,0
1.jpeg,.\\Data\DataSet\training\25253 Penicillium\1.jpeg,25253 Penicillium,0
10.jpeg,.\\Data\DataSet\training\25253 Penicillium\10.jpeg,25253 Penicillium,0
100.jpeg,.\\Data\DataSet\training\25253 Penicillium\100.jpeg,25253 Penicillium,0
105.jpeg,.\\Data\DataSet\training\25253 Penicillium\105.jpeg,25253 Penicillium,0
106.jpeg,.\\Data\DataSet\training\25253 Penicillium\106.jpeg,25253 Penicillium,0
107.jpeg,.\\Data\DataSet\training\25253 Penicillium\107.jpeg,25253 Penicillium,0
108.jpeg,.\\Data\DataSet\training\25253 Penicillium\108.jpeg,25253 Penicillium,0
109.jpeg,.\\Data\DataSet\training\25253 Penicillium\109.jpeg,25253 Penicillium,0
110.jpeg,.\\Data\DataSet\training\25253 Penicillium\110.jpeg,25253 Penicillium,0
111.jpeg,.\\Data\DataSet\training\25253 Penicillium\111.jpeg,25253 Penicillium,0
112.jpeg,.\\Data\DataSet\training\25253 Penicillium\112.jpeg,25253 Penicillium,0
113.jpeg,.\\Data\DataSet\training\25253 Penicillium\113.jpeg,25253 Penicillium,0
114.jpeg,.\\Data\DataSet\training\25253 Penicillium\114.jpeg,25253 Penicillium,0
115.jpeg,.\\Data\DataSet\training\25253 Penicillium\115.jpeg,25253 Penicillium,0
120.jpeg,.\\Data\DataSet\training\25253 Penicillium\120.jpeg,25253 Penicillium,0
121.jpeg,.\\Data\DataSet\training\25253 Penicillium\121.jpeg,25253 Penicillium,0
122.jpeg,.\\Data\DataSet\training\25253 Penicillium\122.jpeg,25253 Penicillium,0
123.jpeg,.\\Data\DataSet\training\25253 Penicillium\123.jpeg,25253 Penicillium,0
124.jpeg,.\\Data\DataSet\training\25253 Penicillium\124.jpeg,25253 Penicillium,0
125.jpeg,.\\Data\DataSet\training\25253 Penicillium\125.jpeg,25253 Penicillium,0
126.jpeg,.\\Data\DataSet\training\25253 Penicillium\126.jpeg,25253 Penicillium,0
127.jpeg,.\\Data\DataSet\training\25253 Penicillium\127.jpeg,25253 Penicillium,0
128.jpeg,.\\Data\DataSet\training\25253 Penicillium\128.jpeg,25253 Penicillium,0
129.jpeg,.\\Data\DataSet\training\25253 Penicillium\129.jpeg,25253 Penicillium,0
130.jpeg,.\\Data\DataSet\training\25253 Penicillium\130.jpeg,25253 Penicillium,0
135.jpeg,.\\Data\DataSet\training\25253 Penicillium\135.jpeg,25253 Penicillium,0
136.jpeg,.\\Data\DataSet\training\25253 Penicillium\136.jpeg,25253 Penicillium,0
137.jpeg,.\\Data\DataSet\training\25253 Penicillium\137.jpeg,25253 Penicillium,0
138.jpeg,.\\Data\DataSet\training\25253 Penicillium\138.jpeg,25253 Penicillium,0
139.jpeg,.\\Data\DataSet\training\25253 Penicillium\139.jpeg,25253 Penicillium,0
140.jpeg,.\\Data\DataSet\training\25253 Penicillium\140.jpeg,25253 Penicillium,0
141.jpeg,.\\Data\DataSet\training\25253 Penicillium\141.jpeg,25253 Penicillium,0
142.jpeg,.\\Data\DataSet\training\25253 Penicillium\142.jpeg,25253 Penicillium,0
143.jpeg,.\\Data\DataSet\training\25253 Penicillium\143.jpeg,25253 Penicillium,0
144.jpeg,.\\Data\DataSet\training\25253 Penicillium\144.jpeg,25253 Penicillium,0
145.jpeg,.\\Data\DataSet\training\25253 Penicillium\145.jpeg,25253 Penicillium,0
15.jpeg,.\\Data\DataSet\training\25253 Penicillium\15.jpeg,25253 Penicillium,0
150.jpeg,.\\Data\DataSet\training\25253 Penicillium\150.jpeg,25253 Penicillium,0
151.jpeg,.\\Data\DataSet\training\25253 Penicillium\151.jpeg,25253 Penicillium,0
152.jpeg,.\\Data\DataSet\training\25253 Penicillium\152.jpeg,25253 Penicillium,0
153.jpeg,.\\Data\DataSet\training\25253 Penicillium\153.jpeg,25253 Penicillium,0
154.jpeg,.\\Data\DataSet\training\25253 Penicillium\154.jpeg,25253 Penicillium,0
155.jpeg,.\\Data\DataSet\training\25253 Penicillium\155.jpeg,25253 Penicillium,0
156.jpeg,.\\Data\DataSet\training\25253 Penicillium\156.jpeg,25253 Penicillium,0
157.jpeg,.\\Data\DataSet\training\25253 Penicillium\157.jpeg,25253 Penicillium,0
158.jpeg,.\\Data\DataSet\training\25253 Penicillium\158.jpeg,25253 Penicillium,0
159.jpeg,.\\Data\DataSet\training\25253 Penicillium\159.jpeg,25253 Penicillium,0
16.jpeg,.\\Data\DataSet\training\25253 Penicillium\16.jpeg,25253 Penicillium,0
160.jpeg,.\\Data\DataSet\training\25253 Penicillium\160.jpeg,25253 Penicillium,0
165.jpeg,.\\Data\DataSet\training\25253 Penicillium\165.jpeg,25253 Penicillium,0
166.jpeg,.\\Data\DataSet\training\25253 Penicillium\166.jpeg,25253 Penicillium,0
167.jpeg,.\\Data\DataSet\training\25253 Penicillium\167.jpeg,25253 Penicillium,0
168.jpeg,.\\Data\DataSet\training\25253 Penicillium\168.jpeg,25253 Penicillium,0
169.jpeg,.\\Data\DataSet\training\25253 Penicillium\169.jpeg,25253 Penicillium,0
17.jpeg,.\\Data\DataSet\training\25253 Penicillium\17.jpeg,25253 Penicillium,0
170.jpeg,.\\Data\DataSet\training\25253 Penicillium\170.jpeg,25253 Penicillium,0
171.jpeg,.\\Data\DataSet\training\25253 Penicillium\171.jpeg,25253 Penicillium,0
172.jpeg,.\\Data\DataSet\training\25253 Penicillium\172.jpeg,25253 Penicillium,0
173.jpeg,.\\Data\DataSet\training\25253 Penicillium\173.jpeg,25253 Penicillium,0
174.jpeg,.\\Data\DataSet\training\25253 Penicillium\174.jpeg,25253 Penicillium,0
175.jpeg,.\\Data\DataSet\training\25253 Penicillium\175.jpeg,25253 Penicillium,0
18.jpeg,.\\Data\DataSet\training\25253 Penicillium\18.jpeg,25253 Penicillium,0
180.jpeg,.\\Data\DataSet\training\25253 Penicillium\180.jpeg,25253 Penicillium,0
181.jpeg,.\\Data\DataSet\training\25253 Penicillium\181.jpeg,25253 Penicillium,0
182.jpeg,.\\Data\DataSet\training\25253 Penicillium\182.jpeg,25253 Penicillium,0
183.jpeg,.\\Data\DataSet\training\25253 Penicillium\183.jpeg,25253 Penicillium,0
184.jpeg,.\\Data\DataSet\training\25253 Penicillium\184.jpeg,25253 Penicillium,0
185.jpeg,.\\Data\DataSet\training\25253 Penicillium\185.jpeg,25253 Penicillium,0
186.jpeg,.\\Data\DataSet\training\25253 Penicillium\186.jpeg,25253 Penicillium,0
187.jpeg,.\\Data\DataSet\training\25253 Penicillium\187.jpeg,25253 Penicillium,0
188.jpeg,.\\Data\DataSet\training\25253 Penicillium\188.jpeg,25253 Penicillium,0
189.jpeg,.\\Data\DataSet\training\25253 Penicillium\189.jpeg,25253 Penicillium,0
19.jpeg,.\\Data\DataSet\training\25253 Penicillium\19.jpeg,25253 Penicillium,0
190.jpeg,.\\Data\DataSet\training\25253 Penicillium\190.jpeg,25253 Penicillium,0
195.jpeg,.\\Data\DataSet\training\25253 Penicillium\195.jpeg,25253 Penicillium,0
196.jpeg,.\\Data\DataSet\training\25253 Penicillium\196.jpeg,25253 Penicillium,0
197.jpeg,.\\Data\DataSet\training\25253 Penicillium\197.jpeg,25253 Penicillium,0
198.jpeg,.\\Data\DataSet\training\25253 Penicillium\198.jpeg,25253 Penicillium,0
199.jpeg,.\\Data\DataSet\training\25253 Penicillium\199.jpeg,25253 Penicillium,0
2.jpeg,.\\Data\DataSet\training\25253 Penicillium\2.jpeg,25253 Penicillium,0
20.jpeg,.\\Data\DataSet\training\25253 Penicillium\20.jpeg,25253 Penicillium,0
200.jpeg,.\\Data\DataSet\training\25253 Penicillium\200.jpeg,25253 Penicillium,0
201.jpeg,.\\Data\DataSet\training\25253 Penicillium\201.jpeg,25253 Penicillium,0
202.jpeg,.\\Data\DataSet\training\25253 Penicillium\202.jpeg,25253 Penicillium,0
203.jpeg,.\\Data\DataSet\training\25253 Penicillium\203.jpeg,25253 Penicillium,0
204.jpeg,.\\Data\DataSet\training\25253 Penicillium\204.jpeg,25253 Penicillium,0
205.jpeg,.\\Data\DataSet\training\25253 Penicillium\205.jpeg,25253 Penicillium,0
21.jpeg,.\\Data\DataSet\training\25253 Penicillium\21.jpeg,25253 Penicillium,0
210.jpeg,.\\Data\DataSet\training\25253 Penicillium\210.jpeg,25253 Penicillium,0
211.jpeg,.\\Data\DataSet\training\25253 Penicillium\211.jpeg,25253 Penicillium,0
212.jpeg,.\\Data\DataSet\training\25253 Penicillium\212.jpeg,25253 Penicillium,0
213.jpeg,.\\Data\DataSet\training\25253 Penicillium\213.jpeg,25253 Penicillium,0
214.jpeg,.\\Data\DataSet\training\25253 Penicillium\214.jpeg,25253 Penicillium,0
215.jpeg,.\\Data\DataSet\training\25253 Penicillium\215.jpeg,25253 Penicillium,0
216.jpeg,.\\Data\DataSet\training\25253 Penicillium\216.jpeg,25253 Penicillium,0
217.jpeg,.\\Data\DataSet\training\25253 Penicillium\217.jpeg,25253 Penicillium,0
218.jpeg,.\\Data\DataSet\training\25253 Penicillium\218.jpeg,25253 Penicillium,0
219.jpeg,.\\Data\DataSet\training\25253 Penicillium\219.jpeg,25253 Penicillium,0
22.jpeg,.\\Data\DataSet\training\25253 Penicillium\22.jpeg,25253 Penicillium,0
220.jpeg,.\\Data\DataSet\training\25253 Penicillium\220.jpeg,25253 Penicillium,0
225.jpeg,.\\Data\DataSet\training\25253 Penicillium\225.jpeg,25253 Penicillium,0
226.jpeg,.\\Data\DataSet\training\25253 Penicillium\226.jpeg,25253 Penicillium,0
227.jpeg,.\\Data\DataSet\training\25253 Penicillium\227.jpeg,25253 Penicillium,0
228.jpeg,.\\Data\DataSet\training\25253 Penicillium\228.jpeg,25253 Penicillium,0
229.jpeg,.\\Data\DataSet\training\25253 Penicillium\229.jpeg,25253 Penicillium,0
23.jpeg,.\\Data\DataSet\training\25253 Penicillium\23.jpeg,25253 Penicillium,0
230.jpeg,.\\Data\DataSet\training\25253 Penicillium\230.jpeg,25253 Penicillium,0
231.jpeg,.\\Data\DataSet\training\25253 Penicillium\231.jpeg,25253 Penicillium,0
232.jpeg,.\\Data\DataSet\training\25253 Penicillium\232.jpeg,25253 Penicillium,0
233.jpeg,.\\Data\DataSet\training\25253 Penicillium\233.jpeg,25253 Penicillium,0
234.jpeg,.\\Data\DataSet\training\25253 Penicillium\234.jpeg,25253 Penicillium,0
235.jpeg,.\\Data\DataSet\training\25253 Penicillium\235.jpeg,25253 Penicillium,0
24.jpeg,.\\Data\DataSet\training\25253 Penicillium\24.jpeg,25253 Penicillium,0
240.jpeg,.\\Data\DataSet\training\25253 Penicillium\240.jpeg,25253 Penicillium,0
241.jpeg,.\\Data\DataSet\training\25253 Penicillium\241.jpeg,25253 Penicillium,0
242.jpeg,.\\Data\DataSet\training\25253 Penicillium\242.jpeg,25253 Penicillium,0
243.jpeg,.\\Data\DataSet\training\25253 Penicillium\243.jpeg,25253 Penicillium,0
244.jpeg,.\\Data\DataSet\training\25253 Penicillium\244.jpeg,25253 Penicillium,0
245.jpeg,.\\Data\DataSet\training\25253 Penicillium\245.jpeg,25253 Penicillium,0
246.jpeg,.\\Data\DataSet\training\25253 Penicillium\246.jpeg,25253 Penicillium,0
247.jpeg,.\\Data\DataSet\training\25253 Penicillium\247.jpeg,25253 Penicillium,0
248.jpeg,.\\Data\DataSet\training\25253 Penicillium\248.jpeg,25253 Penicillium,0
249.jpeg,.\\Data\DataSet\training\25253 Penicillium\249.jpeg,25253 Penicillium,0
25.jpeg,.\\Data\DataSet\training\25253 Penicillium\25.jpeg,25253 Penicillium,0
250.jpeg,.\\Data\DataSet\training\25253 Penicillium\250.jpeg,25253 Penicillium,0
255.jpeg,.\\Data\DataSet\training\25253 Penicillium\255.jpeg,25253 Penicillium,0
256.jpeg,.\\Data\DataSet\training\25253 Penicillium\256.jpeg,25253 Penicillium,0
257.jpeg,.\\Data\DataSet\training\25253 Penicillium\257.jpeg,25253 Penicillium,0
258.jpeg,.\\Data\DataSet\training\25253 Penicillium\258.jpeg,25253 Penicillium,0
259.jpeg,.\\Data\DataSet\training\25253 Penicillium\259.jpeg,25253 Penicillium,0
260.jpeg,.\\Data\DataSet\training\25253 Penicillium\260.jpeg,25253 Penicillium,0
261.jpeg,.\\Data\DataSet\training\25253 Penicillium\261.jpeg,25253 Penicillium,0
262.jpeg,.\\Data\DataSet\training\25253 Penicillium\262.jpeg,25253 Penicillium,0
263.jpeg,.\\Data\DataSet\training\25253 Penicillium\263.jpeg,25253 Penicillium,0
264.jpeg,.\\Data\DataSet\training\25253 Penicillium\264.jpeg,25253 Penicillium,0
265.jpeg,.\\Data\DataSet\training\25253 Penicillium\265.jpeg,25253 Penicillium,0
270.jpeg,.\\Data\DataSet\training\25253 Penicillium\270.jpeg,25253 Penicillium,0
271.jpeg,.\\Data\DataSet\training\25253 Penicillium\271.jpeg,25253 Penicillium,0
272.jpeg,.\\Data\DataSet\training\25253 Penicillium\272.jpeg,25253 Penicillium,0
273.jpeg,.\\Data\DataSet\training\25253 Penicillium\273.jpeg,25253 Penicillium,0
274.jpeg,.\\Data\DataSet\training\25253 Penicillium\274.jpeg,25253 Penicillium,0
275.jpeg,.\\Data\DataSet\training\25253 Penicillium\275.jpeg,25253 Penicillium,0
276.jpeg,.\\Data\DataSet\training\25253 Penicillium\276.jpeg,25253 Penicillium,0
277.jpeg,.\\Data\DataSet\training\25253 Penicillium\277.jpeg,25253 Penicillium,0
278.jpeg,.\\Data\DataSet\training\25253 Penicillium\278.jpeg,25253 Penicillium,0
279.jpeg,.\\Data\DataSet\training\25253 Penicillium\279.jpeg,25253 Penicillium,0
280.jpeg,.\\Data\DataSet\training\25253 Penicillium\280.jpeg,25253 Penicillium,0
285.jpeg,.\\Data\DataSet\training\25253 Penicillium\285.jpeg,25253 Penicillium,0
286.jpeg,.\\Data\DataSet\training\25253 Penicillium\286.jpeg,25253 Penicillium,0
287.jpeg,.\\Data\DataSet\training\25253 Penicillium\287.jpeg,25253 Penicillium,0
288.jpeg,.\\Data\DataSet\training\25253 Penicillium\288.jpeg,25253 Penicillium,0
289.jpeg,.\\Data\DataSet\training\25253 Penicillium\289.jpeg,25253 Penicillium,0
290.jpeg,.\\Data\DataSet\training\25253 Penicillium\290.jpeg,25253 Penicillium,0
291.jpeg,.\\Data\DataSet\training\25253 Penicillium\291.jpeg,25253 Penicillium,0
292.jpeg,.\\Data\DataSet\training\25253 Penicillium\292.jpeg,25253 Penicillium,0
293.jpeg,.\\Data\DataSet\training\25253 Penicillium\293.jpeg,25253 Penicillium,0
294.jpeg,.\\Data\DataSet\training\25253 Penicillium\294.jpeg,25253 Penicillium,0
295.jpeg,.\\Data\DataSet\training\25253 Penicillium\295.jpeg,25253 Penicillium,0
3.jpeg,.\\Data\DataSet\training\25253 Penicillium\3.jpeg,25253 Penicillium,0
30.jpeg,.\\Data\DataSet\training\25253 Penicillium\30.jpeg,25253 Penicillium,0
300.jpeg,.\\Data\DataSet\training\25253 Penicillium\300.jpeg,25253 Penicillium,0
301.jpeg,.\\Data\DataSet\training\25253 Penicillium\301.jpeg,25253 Penicillium,0
302.jpeg,.\\Data\DataSet\training\25253 Penicillium\302.jpeg,25253 Penicillium,0
303.jpeg,.\\Data\DataSet\training\25253 Penicillium\303.jpeg,25253 Penicillium,0
304.jpeg,.\\Data\DataSet\training\25253 Penicillium\304.jpeg,25253 Penicillium,0
305.jpeg,.\\Data\DataSet\training\25253 Penicillium\305.jpeg,25253 Penicillium,0
306.jpeg,.\\Data\DataSet\training\25253 Penicillium\306.jpeg,25253 Penicillium,0
307.jpeg,.\\Data\DataSet\training\25253 Penicillium\307.jpeg,25253 Penicillium,0
308.jpeg,.\\Data\DataSet\training\25253 Penicillium\308.jpeg,25253 Penicillium,0
309.jpeg,.\\Data\DataSet\training\25253 Penicillium\309.jpeg,25253 Penicillium,0
31.jpeg,.\\Data\DataSet\training\25253 Penicillium\31.jpeg,25253 Penicillium,0
310.jpeg,.\\Data\DataSet\training\25253 Penicillium\310.jpeg,25253 Penicillium,0
315.jpeg,.\\Data\DataSet\training\25253 Penicillium\315.jpeg,25253 Penicillium,0
316.jpeg,.\\Data\DataSet\training\25253 Penicillium\316.jpeg,25253 Penicillium,0
317.jpeg,.\\Data\DataSet\training\25253 Penicillium\317.jpeg,25253 Penicillium,0
318.jpeg,.\\Data\DataSet\training\25253 Penicillium\318.jpeg,25253 Penicillium,0
319.jpeg,.\\Data\DataSet\training\25253 Penicillium\319.jpeg,25253 Penicillium,0
32.jpeg,.\\Data\DataSet\training\25253 Penicillium\32.jpeg,25253 Penicillium,0
320.jpeg,.\\Data\DataSet\training\25253 Penicillium\320.jpeg,25253 Penicillium,0
321.jpeg,.\\Data\DataSet\training\25253 Penicillium\321.jpeg,25253 Penicillium,0
322.jpeg,.\\Data\DataSet\training\25253 Penicillium\322.jpeg,25253 Penicillium,0
323.jpeg,.\\Data\DataSet\training\25253 Penicillium\323.jpeg,25253 Penicillium,0
324.jpeg,.\\Data\DataSet\training\25253 Penicillium\324.jpeg,25253 Penicillium,0
325.jpeg,.\\Data\DataSet\training\25253 Penicillium\325.jpeg,25253 Penicillium,0
33.jpeg,.\\Data\DataSet\training\25253 Penicillium\33.jpeg,25253 Penicillium,0
330.jpeg,.\\Data\DataSet\training\25253 Penicillium\330.jpeg,25253 Penicillium,0
331.jpeg,.\\Data\DataSet\training\25253 Penicillium\331.jpeg,25253 Penicillium,0
332.jpeg,.\\Data\DataSet\training\25253 Penicillium\332.jpeg,25253 Penicillium,0
333.jpeg,.\\Data\DataSet\training\25253 Penicillium\333.jpeg,25253 Penicillium,0
334.jpeg,.\\Data\DataSet\training\25253 Penicillium\334.jpeg,25253 Penicillium,0
335.jpeg,.\\Data\DataSet\training\25253 Penicillium\335.jpeg,25253 Penicillium,0
34.jpeg,.\\Data\DataSet\training\25253 Penicillium\34.jpeg,25253 Penicillium,0
35.jpeg,.\\Data\DataSet\training\25253 Penicillium\35.jpeg,25253 Penicillium,0
36.jpeg,.\\Data\DataSet\training\25253 Penicillium\36.jpeg,25253 Penicillium,0
37.jpeg,.\\Data\DataSet\training\25253 Penicillium\37.jpeg,25253 Penicillium,0
38.jpeg,.\\Data\DataSet\training\25253 Penicillium\38.jpeg,25253 Penicillium,0
39.jpeg,.\\Data\DataSet\training\25253 Penicillium\39.jpeg,25253 Penicillium,0
4.jpeg,.\\Data\DataSet\training\25253 Penicillium\4.jpeg,25253 Penicillium,0
40.jpeg,.\\Data\DataSet\training\25253 Penicillium\40.jpeg,25253 Penicillium,0
45.jpeg,.\\Data\DataSet\training\25253 Penicillium\45.jpeg,25253 Penicillium,0
46.jpeg,.\\Data\DataSet\training\25253 Penicillium\46.jpeg,25253 Penicillium,0
47.jpeg,.\\Data\DataSet\training\25253 Penicillium\47.jpeg,25253 Penicillium,0
48.jpeg,.\\Data\DataSet\training\25253 Penicillium\48.jpeg,25253 Penicillium,0
49.jpeg,.\\Data\DataSet\training\25253 Penicillium\49.jpeg,25253 Penicillium,0
5.jpeg,.\\Data\DataSet\training\25253 Penicillium\5.jpeg,25253 Penicillium,0
50.jpeg,.\\Data\DataSet\training\25253 Penicillium\50.jpeg,25253 Penicillium,0
51.jpeg,.\\Data\DataSet\training\25253 Penicillium\51.jpeg,25253 Penicillium,0
52.jpeg,.\\Data\DataSet\training\25253 Penicillium\52.jpeg,25253 Penicillium,0
53.jpeg,.\\Data\DataSet\training\25253 Penicillium\53.jpeg,25253 Penicillium,0
54.jpeg,.\\Data\DataSet\training\25253 Penicillium\54.jpeg,25253 Penicillium,0
55.jpeg,.\\Data\DataSet\training\25253 Penicillium\55.jpeg,25253 Penicillium,0
6.jpeg,.\\Data\DataSet\training\25253 Penicillium\6.jpeg,25253 Penicillium,0
60.jpeg,.\\Data\DataSet\training\25253 Penicillium\60.jpeg,25253 Penicillium,0
61.jpeg,.\\Data\DataSet\training\25253 Penicillium\61.jpeg,25253 Penicillium,0
62.jpeg,.\\Data\DataSet\training\25253 Penicillium\62.jpeg,25253 Penicillium,0
63.jpeg,.\\Data\DataSet\training\25253 Penicillium\63.jpeg,25253 Penicillium,0
64.jpeg,.\\Data\DataSet\training\25253 Penicillium\64.jpeg,25253 Penicillium,0
65.jpeg,.\\Data\DataSet\training\25253 Penicillium\65.jpeg,25253 Penicillium,0
66.jpeg,.\\Data\DataSet\training\25253 Penicillium\66.jpeg,25253 Penicillium,0
67.jpeg,.\\Data\DataSet\training\25253 Penicillium\67.jpeg,25253 Penicillium,0
68.jpeg,.\\Data\DataSet\training\25253 Penicillium\68.jpeg,25253 Penicillium,0
69.jpeg,.\\Data\DataSet\training\25253 Penicillium\69.jpeg,25253 Penicillium,0
7.jpeg,.\\Data\DataSet\training\25253 Penicillium\7.jpeg,25253 Penicillium,0
70.jpeg,.\\Data\DataSet\training\25253 Penicillium\70.jpeg,25253 Penicillium,0
75.jpeg,.\\Data\DataSet\training\25253 Penicillium\75.jpeg,25253 Penicillium,0
76.jpeg,.\\Data\DataSet\training\25253 Penicillium\76.jpeg,25253 Penicillium,0
77.jpeg,.\\Data\DataSet\training\25253 Penicillium\77.jpeg,25253 Penicillium,0
78.jpeg,.\\Data\DataSet\training\25253 Penicillium\78.jpeg,25253 Penicillium,0
79.jpeg,.\\Data\DataSet\training\25253 Penicillium\79.jpeg,25253 Penicillium,0
8.jpeg,.\\Data\DataSet\training\25253 Penicillium\8.jpeg,25253 Penicillium,0
80.jpeg,.\\Data\DataSet\training\25253 Penicillium\80.jpeg,25253 Penicillium,0
81.jpeg,.\\Data\DataSet\training\25253 Penicillium\81.jpeg,25253 Penicillium,0
82.jpeg,.\\Data\DataSet\training\25253 Penicillium\82.jpeg,25253 Penicillium,0
83.jpeg,.\\Data\DataSet\training\25253 Penicillium\83.jpeg,25253 Penicillium,0
84.jpeg,.\\Data\DataSet\training\25253 Penicillium\84.jpeg,25253 Penicillium,0
85.jpeg,.\\Data\DataSet\training\25253 Penicillium\85.jpeg,25253 Penicillium,0
9.jpeg,.\\Data\DataSet\training\25253 Penicillium\9.jpeg,25253 Penicillium,0
90.jpeg,.\\Data\DataSet\training\25253 Penicillium\90.jpeg,25253 Penicillium,0
91.jpeg,.\\Data\DataSet\training\25253 Penicillium\91.jpeg,25253 Penicillium,0
92.jpeg,.\\Data\DataSet\training\25253 Penicillium\92.jpeg,25253 Penicillium,0
93.jpeg,.\\Data\DataSet\training\25253 Penicillium\93.jpeg,25253 Penicillium,0
94.jpeg,.\\Data\DataSet\training\25253 Penicillium\94.jpeg,25253 Penicillium,0
95.jpeg,.\\Data\DataSet\training\25253 Penicillium\95.jpeg,25253 Penicillium,0
96.jpeg,.\\Data\DataSet\training\25253 Penicillium\96.jpeg,25253 Penicillium,0
97.jpeg,.\\Data\DataSet\training\25253 Penicillium\97.jpeg,25253 Penicillium,0
98.jpeg,.\\Data\DataSet\training\25253 Penicillium\98.jpeg,25253 Penicillium,0
99.jpeg,.\\Data\DataSet\training\25253 Penicillium\99.jpeg,25253 Penicillium,0
0.jpeg,.\\Data\DataSet\training\41269 Fusarium\0.jpeg,41269 Fusarium,1
1.jpeg,.\\Data\DataSet\training\41269 Fusarium\1.jpeg,41269 Fusarium,1
10.jpeg,.\\Data\DataSet\training\41269 Fusarium\10.jpeg,41269 Fusarium,1
100.jpeg,.\\Data\DataSet\training\41269 Fusarium\100.jpeg,41269 Fusarium,1
105.jpeg,.\\Data\DataSet\training\41269 Fusarium\105.jpeg,41269 Fusarium,1
106.jpeg,.\\Data\DataSet\training\41269 Fusarium\106.jpeg,41269 Fusarium,1
107.jpeg,.\\Data\DataSet\training\41269 Fusarium\107.jpeg,41269 Fusarium,1
108.jpeg,.\\Data\DataSet\training\41269 Fusarium\108.jpeg,41269 Fusarium,1
109.jpeg,.\\Data\DataSet\training\41269 Fusarium\109.jpeg,41269 Fusarium,1
110.jpeg,.\\Data\DataSet\training\41269 Fusarium\110.jpeg,41269 Fusarium,1
111.jpeg,.\\Data\DataSet\training\41269 Fusarium\111.jpeg,41269 Fusarium,1
112.jpeg,.\\Data\DataSet\training\41269 Fusarium\112.jpeg,41269 Fusarium,1
113.jpeg,.\\Data\DataSet\training\41269 Fusarium\113.jpeg,41269 Fusarium,1
114.jpeg,.\\Data\DataSet\training\41269 Fusarium\114.jpeg,41269 Fusarium,1
115.jpeg,.\\Data\DataSet\training\41269 Fusarium\115.jpeg,41269 Fusarium,1
120.jpeg,.\\Data\DataSet\training\41269 Fusarium\120.jpeg,41269 Fusarium,1
121.jpeg,.\\Data\DataSet\training\41269 Fusarium\121.jpeg,41269 Fusarium,1
122.jpeg,.\\Data\DataSet\training\41269 Fusarium\122.jpeg,41269 Fusarium,1
123.jpeg,.\\Data\DataSet\training\41269 Fusarium\123.jpeg,41269 Fusarium,1
124.jpeg,.\\Data\DataSet\training\41269 Fusarium\124.jpeg,41269 Fusarium,1
125.jpeg,.\\Data\DataSet\training\41269 Fusarium\125.jpeg,41269 Fusarium,1
126.jpeg,.\\Data\DataSet\training\41269 Fusarium\126.jpeg,41269 Fusarium,1
127.jpeg,.\\Data\DataSet\training\41269 Fusarium\127.jpeg,41269 Fusarium,1
128.jpeg,.\\Data\DataSet\training\41269 Fusarium\128.jpeg,41269 Fusarium,1
129.jpeg,.\\Data\DataSet\training\41269 Fusarium\129.jpeg,41269 Fusarium,1
130.jpeg,.\\Data\DataSet\training\41269 Fusarium\130.jpeg,41269 Fusarium,1
135.jpeg,.\\Data\DataSet\training\41269 Fusarium\135.jpeg,41269 Fusarium,1
136.jpeg,.\\Data\DataSet\training\41269 Fusarium\136.jpeg,41269 Fusarium,1
137.jpeg,.\\Data\DataSet\training\41269 Fusarium\137.jpeg,41269 Fusarium,1
138.jpeg,.\\Data\DataSet\training\41269 Fusarium\138.jpeg,41269 Fusarium,1
139.jpeg,.\\Data\DataSet\training\41269 Fusarium\139.jpeg,41269 Fusarium,1
140.jpeg,.\\Data\DataSet\training\41269 Fusarium\140.jpeg,41269 Fusarium,1
141.jpeg,.\\Data\DataSet\training\41269 Fusarium\141.jpeg,41269 Fusarium,1
142.jpeg,.\\Data\DataSet\training\41269 Fusarium\142.jpeg,41269 Fusarium,1
143.jpeg,.\\Data\DataSet\training\41269 Fusarium\143.jpeg,41269 Fusarium,1
144.jpeg,.\\Data\DataSet\training\41269 Fusarium\144.jpeg,41269 Fusarium,1
145.jpeg,.\\Data\DataSet\training\41269 Fusarium\145.jpeg,41269 Fusarium,1
15.jpeg,.\\Data\DataSet\training\41269 Fusarium\15.jpeg,41269 Fusarium,1
150.jpeg,.\\Data\DataSet\training\41269 Fusarium\150.jpeg,41269 Fusarium,1
151.jpeg,.\\Data\DataSet\training\41269 Fusarium\151.jpeg,41269 Fusarium,1
152.jpeg,.\\Data\DataSet\training\41269 Fusarium\152.jpeg,41269 Fusarium,1
153.jpeg,.\\Data\DataSet\training\41269 Fusarium\153.jpeg,41269 Fusarium,1
154.jpeg,.\\Data\DataSet\training\41269 Fusarium\154.jpeg,41269 Fusarium,1
155.jpeg,.\\Data\DataSet\training\41269 Fusarium\155.jpeg,41269 Fusarium,1
156.jpeg,.\\Data\DataSet\training\41269 Fusarium\156.jpeg,41269 Fusarium,1
157.jpeg,.\\Data\DataSet\training\41269 Fusarium\157.jpeg,41269 Fusarium,1
158.jpeg,.\\Data\DataSet\training\41269 Fusarium\158.jpeg,41269 Fusarium,1
159.jpeg,.\\Data\DataSet\training\41269 Fusarium\159.jpeg,41269 Fusarium,1
16.jpeg,.\\Data\DataSet\training\41269 Fusarium\16.jpeg,41269 Fusarium,1
160.jpeg,.\\Data\DataSet\training\41269 Fusarium\160.jpeg,41269 Fusarium,1
165.jpeg,.\\Data\DataSet\training\41269 Fusarium\165.jpeg,41269 Fusarium,1
166.jpeg,.\\Data\DataSet\training\41269 Fusarium\166.jpeg,41269 Fusarium,1
167.jpeg,.\\Data\DataSet\training\41269 Fusarium\167.jpeg,41269 Fusarium,1
168.jpeg,.\\Data\DataSet\training\41269 Fusarium\168.jpeg,41269 Fusarium,1
169.jpeg,.\\Data\DataSet\training\41269 Fusarium\169.jpeg,41269 Fusarium,1
17.jpeg,.\\Data\DataSet\training\41269 Fusarium\17.jpeg,41269 Fusarium,1
170.jpeg,.\\Data\DataSet\training\41269 Fusarium\170.jpeg,41269 Fusarium,1
171.jpeg,.\\Data\DataSet\training\41269 Fusarium\171.jpeg,41269 Fusarium,1
172.jpeg,.\\Data\DataSet\training\41269 Fusarium\172.jpeg,41269 Fusarium,1
173.jpeg,.\\Data\DataSet\training\41269 Fusarium\173.jpeg,41269 Fusarium,1
174.jpeg,.\\Data\DataSet\training\41269 Fusarium\174.jpeg,41269 Fusarium,1
175.jpeg,.\\Data\DataSet\training\41269 Fusarium\175.jpeg,41269 Fusarium,1
18.jpeg,.\\Data\DataSet\training\41269 Fusarium\18.jpeg,41269 Fusarium,1
180.jpeg,.\\Data\DataSet\training\41269 Fusarium\180.jpeg,41269 Fusarium,1
181.jpeg,.\\Data\DataSet\training\41269 Fusarium\181.jpeg,41269 Fusarium,1
182.jpeg,.\\Data\DataSet\training\41269 Fusarium\182.jpeg,41269 Fusarium,1
183.jpeg,.\\Data\DataSet\training\41269 Fusarium\183.jpeg,41269 Fusarium,1
184.jpeg,.\\Data\DataSet\training\41269 Fusarium\184.jpeg,41269 Fusarium,1
185.jpeg,.\\Data\DataSet\training\41269 Fusarium\185.jpeg,41269 Fusarium,1
186.jpeg,.\\Data\DataSet\training\41269 Fusarium\186.jpeg,41269 Fusarium,1
187.jpeg,.\\Data\DataSet\training\41269 Fusarium\187.jpeg,41269 Fusarium,1
188.jpeg,.\\Data\DataSet\training\41269 Fusarium\188.jpeg,41269 Fusarium,1
189.jpeg,.\\Data\DataSet\training\41269 Fusarium\189.jpeg,41269 Fusarium,1
19.jpeg,.\\Data\DataSet\training\41269 Fusarium\19.jpeg,41269 Fusarium,1
190.jpeg,.\\Data\DataSet\training\41269 Fusarium\190.jpeg,41269 Fusarium,1
195.jpeg,.\\Data\DataSet\training\41269 Fusarium\195.jpeg,41269 Fusarium,1
196.jpeg,.\\Data\DataSet\training\41269 Fusarium\196.jpeg,41269 Fusarium,1
197.jpeg,.\\Data\DataSet\training\41269 Fusarium\197.jpeg,41269 Fusarium,1
198.jpeg,.\\Data\DataSet\training\41269 Fusarium\198.jpeg,41269 Fusarium,1
199.jpeg,.\\Data\DataSet\training\41269 Fusarium\199.jpeg,41269 Fusarium,1
2.jpeg,.\\Data\DataSet\training\41269 Fusarium\2.jpeg,41269 Fusarium,1
20.jpeg,.\\Data\DataSet\training\41269 Fusarium\20.jpeg,41269 Fusarium,1
200.jpeg,.\\Data\DataSet\training\41269 Fusarium\200.jpeg,41269 Fusarium,1
201.jpeg,.\\Data\DataSet\training\41269 Fusarium\201.jpeg,41269 Fusarium,1
202.jpeg,.\\Data\DataSet\training\41269 Fusarium\202.jpeg,41269 Fusarium,1
203.jpeg,.\\Data\DataSet\training\41269 Fusarium\203.jpeg,41269 Fusarium,1
204.jpeg,.\\Data\DataSet\training\41269 Fusarium\204.jpeg,41269 Fusarium,1
205.jpeg,.\\Data\DataSet\training\41269 Fusarium\205.jpeg,41269 Fusarium,1
21.jpeg,.\\Data\DataSet\training\41269 Fusarium\21.jpeg,41269 Fusarium,1
210.jpeg,.\\Data\DataSet\training\41269 Fusarium\210.jpeg,41269 Fusarium,1
211.jpeg,.\\Data\DataSet\training\41269 Fusarium\211.jpeg,41269 Fusarium,1
212.jpeg,.\\Data\DataSet\training\41269 Fusarium\212.jpeg,41269 Fusarium,1
213.jpeg,.\\Data\DataSet\training\41269 Fusarium\213.jpeg,41269 Fusarium,1
214.jpeg,.\\Data\DataSet\training\41269 Fusarium\214.jpeg,41269 Fusarium,1
215.jpeg,.\\Data\DataSet\training\41269 Fusarium\215.jpeg,41269 Fusarium,1
216.jpeg,.\\Data\DataSet\training\41269 Fusarium\216.jpeg,41269 Fusarium,1
217.jpeg,.\\Data\DataSet\training\41269 Fusarium\217.jpeg,41269 Fusarium,1
218.jpeg,.\\Data\DataSet\training\41269 Fusarium\218.jpeg,41269 Fusarium,1
219.jpeg,.\\Data\DataSet\training\41269 Fusarium\219.jpeg,41269 Fusarium,1
22.jpeg,.\\Data\DataSet\training\41269 Fusarium\22.jpeg,41269 Fusarium,1
220.jpeg,.\\Data\DataSet\training\41269 Fusarium\220.jpeg,41269 Fusarium,1
225.jpeg,.\\Data\DataSet\training\41269 Fusarium\225.jpeg,41269 Fusarium,1
226.jpeg,.\\Data\DataSet\training\41269 Fusarium\226.jpeg,41269 Fusarium,1
227.jpeg,.\\Data\DataSet\training\41269 Fusarium\227.jpeg,41269 Fusarium,1
228.jpeg,.\\Data\DataSet\training\41269 Fusarium\228.jpeg,41269 Fusarium,1
229.jpeg,.\\Data\DataSet\training\41269 Fusarium\229.jpeg,41269 Fusarium,1
23.jpeg,.\\Data\DataSet\training\41269 Fusarium\23.jpeg,41269 Fusarium,1
230.jpeg,.\\Data\DataSet\training\41269 Fusarium\230.jpeg,41269 Fusarium,1
231.jpeg,.\\Data\DataSet\training\41269 Fusarium\231.jpeg,41269 Fusarium,1
232.jpeg,.\\Data\DataSet\training\41269 Fusarium\232.jpeg,41269 Fusarium,1
233.jpeg,.\\Data\DataSet\training\41269 Fusarium\233.jpeg,41269 Fusarium,1
234.jpeg,.\\Data\DataSet\training\41269 Fusarium\234.jpeg,41269 Fusarium,1
235.jpeg,.\\Data\DataSet\training\41269 Fusarium\235.jpeg,41269 Fusarium,1
24.jpeg,.\\Data\DataSet\training\41269 Fusarium\24.jpeg,41269 Fusarium,1
240.jpeg,.\\Data\DataSet\training\41269 Fusarium\240.jpeg,41269 Fusarium,1
241.jpeg,.\\Data\DataSet\training\41269 Fusarium\241.jpeg,41269 Fusarium,1
242.jpeg,.\\Data\DataSet\training\41269 Fusarium\242.jpeg,41269 Fusarium,1
243.jpeg,.\\Data\DataSet\training\41269 Fusarium\243.jpeg,41269 Fusarium,1
244.jpeg,.\\Data\DataSet\training\41269 Fusarium\244.jpeg,41269 Fusarium,1
245.jpeg,.\\Data\DataSet\training\41269 Fusarium\245.jpeg,41269 Fusarium,1
246.jpeg,.\\Data\DataSet\training\41269 Fusarium\246.jpeg,41269 Fusarium,1
247.jpeg,.\\Data\DataSet\training\41269 Fusarium\247.jpeg,41269 Fusarium,1
248.jpeg,.\\Data\DataSet\training\41269 Fusarium\248.jpeg,41269 Fusarium,1
249.jpeg,.\\Data\DataSet\training\41269 Fusarium\249.jpeg,41269 Fusarium,1
25.jpeg,.\\Data\DataSet\training\41269 Fusarium\25.jpeg,41269 Fusarium,1
250.jpeg,.\\Data\DataSet\training\41269 Fusarium\250.jpeg,41269 Fusarium,1
255.jpeg,.\\Data\DataSet\training\41269 Fusarium\255.jpeg,41269 Fusarium,1
256.jpeg,.\\Data\DataSet\training\41269 Fusarium\256.jpeg,41269 Fusarium,1
257.jpeg,.\\Data\DataSet\training\41269 Fusarium\257.jpeg,41269 Fusarium,1
258.jpeg,.\\Data\DataSet\training\41269 Fusarium\258.jpeg,41269 Fusarium,1
259.jpeg,.\\Data\DataSet\training\41269 Fusarium\259.jpeg,41269 Fusarium,1
260.jpeg,.\\Data\DataSet\training\41269 Fusarium\260.jpeg,41269 Fusarium,1
261.jpeg,.\\Data\DataSet\training\41269 Fusarium\261.jpeg,41269 Fusarium,1
262.jpeg,.\\Data\DataSet\training\41269 Fusarium\262.jpeg,41269 Fusarium,1
263.jpeg,.\\Data\DataSet\training\41269 Fusarium\263.jpeg,41269 Fusarium,1
264.jpeg,.\\Data\DataSet\training\41269 Fusarium\264.jpeg,41269 Fusarium,1
265.jpeg,.\\Data\DataSet\training\41269 Fusarium\265.jpeg,41269 Fusarium,1
270.jpeg,.\\Data\DataSet\training\41269 Fusarium\270.jpeg,41269 Fusarium,1
271.jpeg,.\\Data\DataSet\training\41269 Fusarium\271.jpeg,41269 Fusarium,1
272.jpeg,.\\Data\DataSet\training\41269 Fusarium\272.jpeg,41269 Fusarium,1
273.jpeg,.\\Data\DataSet\training\41269 Fusarium\273.jpeg,41269 Fusarium,1
274.jpeg,.\\Data\DataSet\training\41269 Fusarium\274.jpeg,41269 Fusarium,1
275.jpeg,.\\Data\DataSet\training\41269 Fusarium\275.jpeg,41269 Fusarium,1
276.jpeg,.\\Data\DataSet\training\41269 Fusarium\276.jpeg,41269 Fusarium,1
277.jpeg,.\\Data\DataSet\training\41269 Fusarium\277.jpeg,41269 Fusarium,1
278.jpeg,.\\Data\DataSet\training\41269 Fusarium\278.jpeg,41269 Fusarium,1
279.jpeg,.\\Data\DataSet\training\41269 Fusarium\279.jpeg,41269 Fusarium,1
280.jpeg,.\\Data\DataSet\training\41269 Fusarium\280.jpeg,41269 Fusarium,1
285.jpeg,.\\Data\DataSet\training\41269 Fusarium\285.jpeg,41269 Fusarium,1
286.jpeg,.\\Data\DataSet\training\41269 Fusarium\286.jpeg,41269 Fusarium,1
287.jpeg,.\\Data\DataSet\training\41269 Fusarium\287.jpeg,41269 Fusarium,1
288.jpeg,.\\Data\DataSet\training\41269 Fusarium\288.jpeg,41269 Fusarium,1
289.jpeg,.\\Data\DataSet\training\41269 Fusarium\289.jpeg,41269 Fusarium,1
290.jpeg,.\\Data\DataSet\training\41269 Fusarium\290.jpeg,41269 Fusarium,1
291.jpeg,.\\Data\DataSet\training\41269 Fusarium\291.jpeg,41269 Fusarium,1
292.jpeg,.\\Data\DataSet\training\41269 Fusarium\292.jpeg,41269 Fusarium,1
293.jpeg,.\\Data\DataSet\training\41269 Fusarium\293.jpeg,41269 Fusarium,1
294.jpeg,.\\Data\DataSet\training\41269 Fusarium\294.jpeg,41269 Fusarium,1
295.jpeg,.\\Data\DataSet\training\41269 Fusarium\295.jpeg,41269 Fusarium,1
3.jpeg,.\\Data\DataSet\training\41269 Fusarium\3.jpeg,41269 Fusarium,1
30.jpeg,.\\Data\DataSet\training\41269 Fusarium\30.jpeg,41269 Fusarium,1
300.jpeg,.\\Data\DataSet\training\41269 Fusarium\300.jpeg,41269 Fusarium,1
301.jpeg,.\\Data\DataSet\training\41269 Fusarium\301.jpeg,41269 Fusarium,1
302.jpeg,.\\Data\DataSet\training\41269 Fusarium\302.jpeg,41269 Fusarium,1
303.jpeg,.\\Data\DataSet\training\41269 Fusarium\303.jpeg,41269 Fusarium,1
304.jpeg,.\\Data\DataSet\training\41269 Fusarium\304.jpeg,41269 Fusarium,1
305.jpeg,.\\Data\DataSet\training\41269 Fusarium\305.jpeg,41269 Fusarium,1
306.jpeg,.\\Data\DataSet\training\41269 Fusarium\306.jpeg,41269 Fusarium,1
307.jpeg,.\\Data\DataSet\training\41269 Fusarium\307.jpeg,41269 Fusarium,1
308.jpeg,.\\Data\DataSet\training\41269 Fusarium\308.jpeg,41269 Fusarium,1
309.jpeg,.\\Data\DataSet\training\41269 Fusarium\309.jpeg,41269 Fusarium,1
31.jpeg,.\\Data\DataSet\training\41269 Fusarium\31.jpeg,41269 Fusarium,1
310.jpeg,.\\Data\DataSet\training\41269 Fusarium\310.jpeg,41269 Fusarium,1
315.jpeg,.\\Data\DataSet\training\41269 Fusarium\315.jpeg,41269 Fusarium,1
316.jpeg,.\\Data\DataSet\training\41269 Fusarium\316.jpeg,41269 Fusarium,1
317.jpeg,.\\Data\DataSet\training\41269 Fusarium\317.jpeg,41269 Fusarium,1
318.jpeg,.\\Data\DataSet\training\41269 Fusarium\318.jpeg,41269 Fusarium,1
319.jpeg,.\\Data\DataSet\training\41269 Fusarium\319.jpeg,41269 Fusarium,1
32.jpeg,.\\Data\DataSet\training\41269 Fusarium\32.jpeg,41269 Fusarium,1
320.jpeg,.\\Data\DataSet\training\41269 Fusarium\320.jpeg,41269 Fusarium,1
321.jpeg,.\\Data\DataSet\training\41269 Fusarium\321.jpeg,41269 Fusarium,1
322.jpeg,.\\Data\DataSet\training\41269 Fusarium\322.jpeg,41269 Fusarium,1
323.jpeg,.\\Data\DataSet\training\41269 Fusarium\323.jpeg,41269 Fusarium,1
324.jpeg,.\\Data\DataSet\training\41269 Fusarium\324.jpeg,41269 Fusarium,1
325.jpeg,.\\Data\DataSet\training\41269 Fusarium\325.jpeg,41269 Fusarium,1
33.jpeg,.\\Data\DataSet\training\41269 Fusarium\33.jpeg,41269 Fusarium,1
330.jpeg,.\\Data\DataSet\training\41269 Fusarium\330.jpeg,41269 Fusarium,1
331.jpeg,.\\Data\DataSet\training\41269 Fusarium\331.jpeg,41269 Fusarium,1
332.jpeg,.\\Data\DataSet\training\41269 Fusarium\332.jpeg,41269 Fusarium,1
333.jpeg,.\\Data\DataSet\training\41269 Fusarium\333.jpeg,41269 Fusarium,1
334.jpeg,.\\Data\DataSet\training\41269 Fusarium\334.jpeg,41269 Fusarium,1
335.jpeg,.\\Data\DataSet\training\41269 Fusarium\335.jpeg,41269 Fusarium,1
34.jpeg,.\\Data\DataSet\training\41269 Fusarium\34.jpeg,41269 Fusarium,1
35.jpeg,.\\Data\DataSet\training\41269 Fusarium\35.jpeg,41269 Fusarium,1
36.jpeg,.\\Data\DataSet\training\41269 Fusarium\36.jpeg,41269 Fusarium,1
37.jpeg,.\\Data\DataSet\training\41269 Fusarium\37.jpeg,41269 Fusarium,1
38.jpeg,.\\Data\DataSet\training\41269 Fusarium\38.jpeg,41269 Fusarium,1
39.jpeg,.\\Data\DataSet\training\41269 Fusarium\39.jpeg,41269 Fusarium,1
4.jpeg,.\\Data\DataSet\training\41269 Fusarium\4.jpeg,41269 Fusarium,1
40.jpeg,.\\Data\DataSet\training\41269 Fusarium\40.jpeg,41269 Fusarium,1
45.jpeg,.\\Data\DataSet\training\41269 Fusarium\45.jpeg,41269 Fusarium,1
46.jpeg,.\\Data\DataSet\training\41269 Fusarium\46.jpeg,41269 Fusarium,1
47.jpeg,.\\Data\DataSet\training\41269 Fusarium\47.jpeg,41269 Fusarium,1
48.jpeg,.\\Data\DataSet\training\41269 Fusarium\48.jpeg,41269 Fusarium,1
49.jpeg,.\\Data\DataSet\training\41269 Fusarium\49.jpeg,41269 Fusarium,1
5.jpeg,.\\Data\DataSet\training\41269 Fusarium\5.jpeg,41269 Fusarium,1
50.jpeg,.\\Data\DataSet\training\41269 Fusarium\50.jpeg,41269 Fusarium,1
51.jpeg,.\\Data\DataSet\training\41269 Fusarium\51.jpeg,41269 Fusarium,1
52.jpeg,.\\Data\DataSet\training\41269 Fusarium\52.jpeg,41269 Fusarium,1
53.jpeg,.\\Data\DataSet\training\41269 Fusarium\53.jpeg,41269 Fusarium,1
54.jpeg,.\\Data\DataSet\training\41269 Fusarium\54.jpeg,41269 Fusarium,1
55.jpeg,.\\Data\DataSet\training\41269 Fusarium\55.jpeg,41269 Fusarium,1
6.jpeg,.\\Data\DataSet\training\41269 Fusarium\6.jpeg,41269 Fusarium,1
60.jpeg,.\\Data\DataSet\training\41269 Fusarium\60.jpeg,41269 Fusarium,1
61.jpeg,.\\Data\DataSet\training\41269 Fusarium\61.jpeg,41269 Fusarium,1
62.jpeg,.\\Data\DataSet\training\41269 Fusarium\62.jpeg,41269 Fusarium,1
63.jpeg,.\\Data\DataSet\training\41269 Fusarium\63.jpeg,41269 Fusarium,1
64.jpeg,.\\Data\DataSet\training\41269 Fusarium\64.jpeg,41269 Fusarium,1
65.jpeg,.\\Data\DataSet\training\41269 Fusarium\65.jpeg,41269 Fusarium,1
66.jpeg,.\\Data\DataSet\training\41269 Fusarium\66.jpeg,41269 Fusarium,1
67.jpeg,.\\Data\DataSet\training\41269 Fusarium\67.jpeg,41269 Fusarium,1
68.jpeg,.\\Data\DataSet\training\41269 Fusarium\68.jpeg,41269 Fusarium,1
69.jpeg,.\\Data\DataSet\training\41269 Fusarium\69.jpeg,41269 Fusarium,1
7.jpeg,.\\Data\DataSet\training\41269 Fusarium\7.jpeg,41269 Fusarium,1
70.jpeg,.\\Data\DataSet\training\41269 Fusarium\70.jpeg,41269 Fusarium,1
75.jpeg,.\\Data\DataSet\training\41269 Fusarium\75.jpeg,41269 Fusarium,1
76.jpeg,.\\Data\DataSet\training\41269 Fusarium\76.jpeg,41269 Fusarium,1
77.jpeg,.\\Data\DataSet\training\41269 Fusarium\77.jpeg,41269 Fusarium,1
78.jpeg,.\\Data\DataSet\training\41269 Fusarium\78.jpeg,41269 Fusarium,1
79.jpeg,.\\Data\DataSet\training\41269 Fusarium\79.jpeg,41269 Fusarium,1
8.jpeg,.\\Data\DataSet\training\41269 Fusarium\8.jpeg,41269 Fusarium,1
80.jpeg,.\\Data\DataSet\training\41269 Fusarium\80.jpeg,41269 Fusarium,1
81.jpeg,.\\Data\DataSet\training\41269 Fusarium\81.jpeg,41269 Fusarium,1
82.jpeg,.\\Data\DataSet\training\41269 Fusarium\82.jpeg,41269 Fusarium,1
83.jpeg,.\\Data\DataSet\training\41269 Fusarium\83.jpeg,41269 Fusarium,1
84.jpeg,.\\Data\DataSet\training\41269 Fusarium\84.jpeg,41269 Fusarium,1
85.jpeg,.\\Data\DataSet\training\41269 Fusarium\85.jpeg,41269 Fusarium,1
9.jpeg,.\\Data\DataSet\training\41269 Fusarium\9.jpeg,41269 Fusarium,1
90.jpeg,.\\Data\DataSet\training\41269 Fusarium\90.jpeg,41269 Fusarium,1
91.jpeg,.\\Data\DataSet\training\41269 Fusarium\91.jpeg,41269 Fusarium,1
92.jpeg,.\\Data\DataSet\training\41269 Fusarium\92.jpeg,41269 Fusarium,1
93.jpeg,.\\Data\DataSet\training\41269 Fusarium\93.jpeg,41269 Fusarium,1
94.jpeg,.\\Data\DataSet\training\41269 Fusarium\94.jpeg,41269 Fusarium,1
95.jpeg,.\\Data\DataSet\training\41269 Fusarium\95.jpeg,41269 Fusarium,1
96.jpeg,.\\Data\DataSet\training\41269 Fusarium\96.jpeg,41269 Fusarium,1
97.jpeg,.\\Data\DataSet\training\41269 Fusarium\97.jpeg,41269 Fusarium,1
98.jpeg,.\\Data\DataSet\training\41269 Fusarium\98.jpeg,41269 Fusarium,1
99.jpeg,.\\Data\DataSet\training\41269 Fusarium\99.jpeg,41269 Fusarium,1
0.jpeg,.\\Data\DataSet\training\41495 Phoma\0.jpeg,41495 Phoma,2
1.jpeg,.\\Data\DataSet\training\41495 Phoma\1.jpeg,41495 Phoma,2
10.jpeg,.\\Data\DataSet\training\41495 Phoma\10.jpeg,41495 Phoma,2
100.jpeg,.\\Data\DataSet\training\41495 Phoma\100.jpeg,41495 Phoma,2
105.jpeg,.\\Data\DataSet\training\41495 Phoma\105.jpeg,41495 Phoma,2
106.jpeg,.\\Data\DataSet\training\41495 Phoma\106.jpeg,41495 Phoma,2
107.jpeg,.\\Data\DataSet\training\41495 Phoma\107.jpeg,41495 Phoma,2
108.jpeg,.\\Data\DataSet\training\41495 Phoma\108.jpeg,41495 Phoma,2
109.jpeg,.\\Data\DataSet\training\41495 Phoma\109.jpeg,41495 Phoma,2
110.jpeg,.\\Data\DataSet\training\41495 Phoma\110.jpeg,41495 Phoma,2
111.jpeg,.\\Data\DataSet\training\41495 Phoma\111.jpeg,41495 Phoma,2
112.jpeg,.\\Data\DataSet\training\41495 Phoma\112.jpeg,41495 Phoma,2
113.jpeg,.\\Data\DataSet\training\41495 Phoma\113.jpeg,41495 Phoma,2
114.jpeg,.\\Data\DataSet\training\41495 Phoma\114.jpeg,41495 Phoma,2
115.jpeg,.\\Data\DataSet\training\41495 Phoma\115.jpeg,41495 Phoma,2
120.jpeg,.\\Data\DataSet\training\41495 Phoma\120.jpeg,41495 Phoma,2
121.jpeg,.\\Data\DataSet\training\41495 Phoma\121.jpeg,41495 Phoma,2
122.jpeg,.\\Data\DataSet\training\41495 Phoma\122.jpeg,41495 Phoma,2
123.jpeg,.\\Data\DataSet\training\41495 Phoma\123.jpeg,41495 Phoma,2
124.jpeg,.\\Data\DataSet\training\41495 Phoma\124.jpeg,41495 Phoma,2
125.jpeg,.\\Data\DataSet\training\41495 Phoma\125.jpeg,41495 Phoma,2
126.jpeg,.\\Data\DataSet\training\41495 Phoma\126.jpeg,41495 Phoma,2
127.jpeg,.\\Data\DataSet\training\41495 Phoma\127.jpeg,41495 Phoma,2
128.jpeg,.\\Data\DataSet\training\41495 Phoma\128.jpeg,41495 Phoma,2
129.jpeg,.\\Data\DataSet\training\41495 Phoma\129.jpeg,41495 Phoma,2
130.jpeg,.\\Data\DataSet\training\41495 Phoma\130.jpeg,41495 Phoma,2
135.jpeg,.\\Data\DataSet\training\41495 Phoma\135.jpeg,41495 Phoma,2
136.jpeg,.\\Data\DataSet\training\41495 Phoma\136.jpeg,41495 Phoma,2
137.jpeg,.\\Data\DataSet\training\41495 Phoma\137.jpeg,41495 Phoma,2
138.jpeg,.\\Data\DataSet\training\41495 Phoma\138.jpeg,41495 Phoma,2
139.jpeg,.\\Data\DataSet\training\41495 Phoma\139.jpeg,41495 Phoma,2
140.jpeg,.\\Data\DataSet\training\41495 Phoma\140.jpeg,41495 Phoma,2
141.jpeg,.\\Data\DataSet\training\41495 Phoma\141.jpeg,41495 Phoma,2
142.jpeg,.\\Data\DataSet\training\41495 Phoma\142.jpeg,41495 Phoma,2
143.jpeg,.\\Data\DataSet\training\41495 Phoma\143.jpeg,41495 Phoma,2
144.jpeg,.\\Data\DataSet\training\41495 Phoma\144.jpeg,41495 Phoma,2
145.jpeg,.\\Data\DataSet\training\41495 Phoma\145.jpeg,41495 Phoma,2
15.jpeg,.\\Data\DataSet\training\41495 Phoma\15.jpeg,41495 Phoma,2
150.jpeg,.\\Data\DataSet\training\41495 Phoma\150.jpeg,41495 Phoma,2
151.jpeg,.\\Data\DataSet\training\41495 Phoma\151.jpeg,41495 Phoma,2
152.jpeg,.\\Data\DataSet\training\41495 Phoma\152.jpeg,41495 Phoma,2
153.jpeg,.\\Data\DataSet\training\41495 Phoma\153.jpeg,41495 Phoma,2
154.jpeg,.\\Data\DataSet\training\41495 Phoma\154.jpeg,41495 Phoma,2
155.jpeg,.\\Data\DataSet\training\41495 Phoma\155.jpeg,41495 Phoma,2
156.jpeg,.\\Data\DataSet\training\41495 Phoma\156.jpeg,41495 Phoma,2
157.jpeg,.\\Data\DataSet\training\41495 Phoma\157.jpeg,41495 Phoma,2
158.jpeg,.\\Data\DataSet\training\41495 Phoma\158.jpeg,41495 Phoma,2
159.jpeg,.\\Data\DataSet\training\41495 Phoma\159.jpeg,41495 Phoma,2
16.jpeg,.\\Data\DataSet\training\41495 Phoma\16.jpeg,41495 Phoma,2
160.jpeg,.\\Data\DataSet\training\41495 Phoma\160.jpeg,41495 Phoma,2
165.jpeg,.\\Data\DataSet\training\41495 Phoma\165.jpeg,41495 Phoma,2
166.jpeg,.\\Data\DataSet\training\41495 Phoma\166.jpeg,41495 Phoma,2
167.jpeg,.\\Data\DataSet\training\41495 Phoma\167.jpeg,41495 Phoma,2
168.jpeg,.\\Data\DataSet\training\41495 Phoma\168.jpeg,41495 Phoma,2
169.jpeg,.\\Data\DataSet\training\41495 Phoma\169.jpeg,41495 Phoma,2
17.jpeg,.\\Data\DataSet\training\41495 Phoma\17.jpeg,41495 Phoma,2
170.jpeg,.\\Data\DataSet\training\41495 Phoma\170.jpeg,41495 Phoma,2
171.jpeg,.\\Data\DataSet\training\41495 Phoma\171.jpeg,41495 Phoma,2
172.jpeg,.\\Data\DataSet\training\41495 Phoma\172.jpeg,41495 Phoma,2
173.jpeg,.\\Data\DataSet\training\41495 Phoma\173.jpeg,41495 Phoma,2
174.jpeg,.\\Data\DataSet\training\41495 Phoma\174.jpeg,41495 Phoma,2
175.jpeg,.\\Data\DataSet\training\41495 Phoma\175.jpeg,41495 Phoma,2
18.jpeg,.\\Data\DataSet\training\41495 Phoma\18.jpeg,41495 Phoma,2
180.jpeg,.\\Data\DataSet\training\41495 Phoma\180.jpeg,41495 Phoma,2
181.jpeg,.\\Data\DataSet\training\41495 Phoma\181.jpeg,41495 Phoma,2
182.jpeg,.\\Data\DataSet\training\41495 Phoma\182.jpeg,41495 Phoma,2
183.jpeg,.\\Data\DataSet\training\41495 Phoma\183.jpeg,41495 Phoma,2
184.jpeg,.\\Data\DataSet\training\41495 Phoma\184.jpeg,41495 Phoma,2
185.jpeg,.\\Data\DataSet\training\41495 Phoma\185.jpeg,41495 Phoma,2
186.jpeg,.\\Data\DataSet\training\41495 Phoma\186.jpeg,41495 Phoma,2
187.jpeg,.\\Data\DataSet\training\41495 Phoma\187.jpeg,41495 Phoma,2
188.jpeg,.\\Data\DataSet\training\41495 Phoma\188.jpeg,41495 Phoma,2
189.jpeg,.\\Data\DataSet\training\41495 Phoma\189.jpeg,41495 Phoma,2
19.jpeg,.\\Data\DataSet\training\41495 Phoma\19.jpeg,41495 Phoma,2
190.jpeg,.\\Data\DataSet\training\41495 Phoma\190.jpeg,41495 Phoma,2
195.jpeg,.\\Data\DataSet\training\41495 Phoma\195.jpeg,41495 Phoma,2
196.jpeg,.\\Data\DataSet\training\41495 Phoma\196.jpeg,41495 Phoma,2
197.jpeg,.\\Data\DataSet\training\41495 Phoma\197.jpeg,41495 Phoma,2
198.jpeg,.\\Data\DataSet\training\41495 Phoma\198.jpeg,41495 Phoma,2
199.jpeg,.\\Data\DataSet\training\41495 Phoma\199.jpeg,41495 Phoma,2
2.jpeg,.\\Data\DataSet\training\41495 Phoma\2.jpeg,41495 Phoma,2
20.jpeg,.\\Data\DataSet\training\41495 Phoma\20.jpeg,41495 Phoma,2
200.jpeg,.\\Data\DataSet\training\41495 Phoma\200.jpeg,41495 Phoma,2
201.jpeg,.\\Data\DataSet\training\41495 Phoma\201.jpeg,41495 Phoma,2
202.jpeg,.\\Data\DataSet\training\41495 Phoma\202.jpeg,41495 Phoma,2
203.jpeg,.\\Data\DataSet\training\41495 Phoma\203.jpeg,41495 Phoma,2
204.jpeg,.\\Data\DataSet\training\41495 Phoma\204.jpeg,41495 Phoma,2
205.jpeg,.\\Data\DataSet\training\41495 Phoma\205.jpeg,41495 Phoma,2
21.jpeg,.\\Data\DataSet\training\41495 Phoma\21.jpeg,41495 Phoma,2
210.jpeg,.\\Data\DataSet\training\41495 Phoma\210.jpeg,41495 Phoma,2
211.jpeg,.\\Data\DataSet\training\41495 Phoma\211.jpeg,41495 Phoma,2
212.jpeg,.\\Data\DataSet\training\41495 Phoma\212.jpeg,41495 Phoma,2
213.jpeg,.\\Data\DataSet\training\41495 Phoma\213.jpeg,41495 Phoma,2
214.jpeg,.\\Data\DataSet\training\41495 Phoma\214.jpeg,41495 Phoma,2
215.jpeg,.\\Data\DataSet\training\41495 Phoma\215.jpeg,41495 Phoma,2
216.jpeg,.\\Data\DataSet\training\41495 Phoma\216.jpeg,41495 Phoma,2
217.jpeg,.\\Data\DataSet\training\41495 Phoma\217.jpeg,41495 Phoma,2
218.jpeg,.\\Data\DataSet\training\41495 Phoma\218.jpeg,41495 Phoma,2
219.jpeg,.\\Data\DataSet\training\41495 Phoma\219.jpeg,41495 Phoma,2
22.jpeg,.\\Data\DataSet\training\41495 Phoma\22.jpeg,41495 Phoma,2
220.jpeg,.\\Data\DataSet\training\41495 Phoma\220.jpeg,41495 Phoma,2
225.jpeg,.\\Data\DataSet\training\41495 Phoma\225.jpeg,41495 Phoma,2
226.jpeg,.\\Data\DataSet\training\41495 Phoma\226.jpeg,41495 Phoma,2
227.jpeg,.\\Data\DataSet\training\41495 Phoma\227.jpeg,41495 Phoma,2
228.jpeg,.\\Data\DataSet\training\41495 Phoma\228.jpeg,41495 Phoma,2
229.jpeg,.\\Data\DataSet\training\41495 Phoma\229.jpeg,41495 Phoma,2
23.jpeg,.\\Data\DataSet\training\41495 Phoma\23.jpeg,41495 Phoma,2
230.jpeg,.\\Data\DataSet\training\41495 Phoma\230.jpeg,41495 Phoma,2
231.jpeg,.\\Data\DataSet\training\41495 Phoma\231.jpeg,41495 Phoma,2
232.jpeg,.\\Data\DataSet\training\41495 Phoma\232.jpeg,41495 Phoma,2
233.jpeg,.\\Data\DataSet\training\41495 Phoma\233.jpeg,41495 Phoma,2
234.jpeg,.\\Data\DataSet\training\41495 Phoma\234.jpeg,41495 Phoma,2
235.jpeg,.\\Data\DataSet\training\41495 Phoma\235.jpeg,41495 Phoma,2
24.jpeg,.\\Data\DataSet\training\41495 Phoma\24.jpeg,41495 Phoma,2
240.jpeg,.\\Data\DataSet\training\41495 Phoma\240.jpeg,41495 Phoma,2
241.jpeg,.\\Data\DataSet\training\41495 Phoma\241.jpeg,41495 Phoma,2
242.jpeg,.\\Data\DataSet\training\41495 Phoma\242.jpeg,41495 Phoma,2
243.jpeg,.\\Data\DataSet\training\41495 Phoma\243.jpeg,41495 Phoma,2
244.jpeg,.\\Data\DataSet\training\41495 Phoma\244.jpeg,41495 Phoma,2
245.jpeg,.\\Data\DataSet\training\41495 Phoma\245.jpeg,41495 Phoma,2
246.jpeg,.\\Data\DataSet\training\41495 Phoma\246.jpeg,41495 Phoma,2
247.jpeg,.\\Data\DataSet\training\41495 Phoma\247.jpeg,41495 Phoma,2
248.jpeg,.\\Data\DataSet\training\41495 Phoma\248.jpeg,41495 Phoma,2
249.jpeg,.\\Data\DataSet\training\41495 Phoma\249.jpeg,41495 Phoma,2
25.jpeg,.\\Data\DataSet\training\41495 Phoma\25.jpeg,41495 Phoma,2
250.jpeg,.\\Data\DataSet\training\41495 Phoma\250.jpeg,41495 Phoma,2
255.jpeg,.\\Data\DataSet\training\41495 Phoma\255.jpeg,41495 Phoma,2
256.jpeg,.\\Data\DataSet\training\41495 Phoma\256.jpeg,41495 Phoma,2
257.jpeg,.\\Data\DataSet\training\41495 Phoma\257.jpeg,41495 Phoma,2
258.jpeg,.\\Data\DataSet\training\41495 Phoma\258.jpeg,41495 Phoma,2
259.jpeg,.\\Data\DataSet\training\41495 Phoma\259.jpeg,41495 Phoma,2
260.jpeg,.\\Data\DataSet\training\41495 Phoma\260.jpeg,41495 Phoma,2
261.jpeg,.\\Data\DataSet\training\41495 Phoma\261.jpeg,41495 Phoma,2
262.jpeg,.\\Data\DataSet\training\41495 Phoma\262.jpeg,41495 Phoma,2
263.jpeg,.\\Data\DataSet\training\41495 Phoma\263.jpeg,41495 Phoma,2
264.jpeg,.\\Data\DataSet\training\41495 Phoma\264.jpeg,41495 Phoma,2
265.jpeg,.\\Data\DataSet\training\41495 Phoma\265.jpeg,41495 Phoma,2
270.jpeg,.\\Data\DataSet\training\41495 Phoma\270.jpeg,41495 Phoma,2
271.jpeg,.\\Data\DataSet\training\41495 Phoma\271.jpeg,41495 Phoma,2
272.jpeg,.\\Data\DataSet\training\41495 Phoma\272.jpeg,41495 Phoma,2
273.jpeg,.\\Data\DataSet\training\41495 Phoma\273.jpeg,41495 Phoma,2
274.jpeg,.\\Data\DataSet\training\41495 Phoma\274.jpeg,41495 Phoma,2
275.jpeg,.\\Data\DataSet\training\41495 Phoma\275.jpeg,41495 Phoma,2
276.jpeg,.\\Data\DataSet\training\41495 Phoma\276.jpeg,41495 Phoma,2
277.jpeg,.\\Data\DataSet\training\41495 Phoma\277.jpeg,41495 Phoma,2
278.jpeg,.\\Data\DataSet\training\41495 Phoma\278.jpeg,41495 Phoma,2
279.jpeg,.\\Data\DataSet\training\41495 Phoma\279.jpeg,41495 Phoma,2
280.jpeg,.\\Data\DataSet\training\41495 Phoma\280.jpeg,41495 Phoma,2
285.jpeg,.\\Data\DataSet\training\41495 Phoma\285.jpeg,41495 Phoma,2
286.jpeg,.\\Data\DataSet\training\41495 Phoma\286.jpeg,41495 Phoma,2
287.jpeg,.\\Data\DataSet\training\41495 Phoma\287.jpeg,41495 Phoma,2
288.jpeg,.\\Data\DataSet\training\41495 Phoma\288.jpeg,41495 Phoma,2
289.jpeg,.\\Data\DataSet\training\41495 Phoma\289.jpeg,41495 Phoma,2
290.jpeg,.\\Data\DataSet\training\41495 Phoma\290.jpeg,41495 Phoma,2
291.jpeg,.\\Data\DataSet\training\41495 Phoma\291.jpeg,41495 Phoma,2
292.jpeg,.\\Data\DataSet\training\41495 Phoma\292.jpeg,41495 Phoma,2
293.jpeg,.\\Data\DataSet\training\41495 Phoma\293.jpeg,41495 Phoma,2
294.jpeg,.\\Data\DataSet\training\41495 Phoma\294.jpeg,41495 Phoma,2
295.jpeg,.\\Data\DataSet\training\41495 Phoma\295.jpeg,41495 Phoma,2
3.jpeg,.\\Data\DataSet\training\41495 Phoma\3.jpeg,41495 Phoma,2
30.jpeg,.\\Data\DataSet\training\41495 Phoma\30.jpeg,41495 Phoma,2
300.jpeg,.\\Data\DataSet\training\41495 Phoma\300.jpeg,41495 Phoma,2
301.jpeg,.\\Data\DataSet\training\41495 Phoma\301.jpeg,41495 Phoma,2
302.jpeg,.\\Data\DataSet\training\41495 Phoma\302.jpeg,41495 Phoma,2
303.jpeg,.\\Data\DataSet\training\41495 Phoma\303.jpeg,41495 Phoma,2
304.jpeg,.\\Data\DataSet\training\41495 Phoma\304.jpeg,41495 Phoma,2
305.jpeg,.\\Data\DataSet\training\41495 Phoma\305.jpeg,41495 Phoma,2
306.jpeg,.\\Data\DataSet\training\41495 Phoma\306.jpeg,41495 Phoma,2
307.jpeg,.\\Data\DataSet\training\41495 Phoma\307.jpeg,41495 Phoma,2
308.jpeg,.\\Data\DataSet\training\41495 Phoma\308.jpeg,41495 Phoma,2
309.jpeg,.\\Data\DataSet\training\41495 Phoma\309.jpeg,41495 Phoma,2
31.jpeg,.\\Data\DataSet\training\41495 Phoma\31.jpeg,41495 Phoma,2
310.jpeg,.\\Data\DataSet\training\41495 Phoma\310.jpeg,41495 Phoma,2
315.jpeg,.\\Data\DataSet\training\41495 Phoma\315.jpeg,41495 Phoma,2
316.jpeg,.\\Data\DataSet\training\41495 Phoma\316.jpeg,41495 Phoma,2
317.jpeg,.\\Data\DataSet\training\41495 Phoma\317.jpeg,41495 Phoma,2
318.jpeg,.\\Data\DataSet\training\41495 Phoma\318.jpeg,41495 Phoma,2
319.jpeg,.\\Data\DataSet\training\41495 Phoma\319.jpeg,41495 Phoma,2
32.jpeg,.\\Data\DataSet\training\41495 Phoma\32.jpeg,41495 Phoma,2
320.jpeg,.\\Data\DataSet\training\41495 Phoma\320.jpeg,41495 Phoma,2
321.jpeg,.\\Data\DataSet\training\41495 Phoma\321.jpeg,41495 Phoma,2
322.jpeg,.\\Data\DataSet\training\41495 Phoma\322.jpeg,41495 Phoma,2
323.jpeg,.\\Data\DataSet\training\41495 Phoma\323.jpeg,41495 Phoma,2
324.jpeg,.\\Data\DataSet\training\41495 Phoma\324.jpeg,41495 Phoma,2
325.jpeg,.\\Data\DataSet\training\41495 Phoma\325.jpeg,41495 Phoma,2
33.jpeg,.\\Data\DataSet\training\41495 Phoma\33.jpeg,41495 Phoma,2
330.jpeg,.\\Data\DataSet\training\41495 Phoma\330.jpeg,41495 Phoma,2
331.jpeg,.\\Data\DataSet\training\41495 Phoma\331.jpeg,41495 Phoma,2
332.jpeg,.\\Data\DataSet\training\41495 Phoma\332.jpeg,41495 Phoma,2
333.jpeg,.\\Data\DataSet\training\41495 Phoma\333.jpeg,41495 Phoma,2
334.jpeg,.\\Data\DataSet\training\41495 Phoma\334.jpeg,41495 Phoma,2
335.jpeg,.\\Data\DataSet\training\41495 Phoma\335.jpeg,41495 Phoma,2
34.jpeg,.\\Data\DataSet\training\41495 Phoma\34.jpeg,41495 Phoma,2
35.jpeg,.\\Data\DataSet\training\41495 Phoma\35.jpeg,41495 Phoma,2
36.jpeg,.\\Data\DataSet\training\41495 Phoma\36.jpeg,41495 Phoma,2
37.jpeg,.\\Data\DataSet\training\41495 Phoma\37.jpeg,41495 Phoma,2
38.jpeg,.\\Data\DataSet\training\41495 Phoma\38.jpeg,41495 Phoma,2
39.jpeg,.\\Data\DataSet\training\41495 Phoma\39.jpeg,41495 Phoma,2
4.jpeg,.\\Data\DataSet\training\41495 Phoma\4.jpeg,41495 Phoma,2
40.jpeg,.\\Data\DataSet\training\41495 Phoma\40.jpeg,41495 Phoma,2
45.jpeg,.\\Data\DataSet\training\41495 Phoma\45.jpeg,41495 Phoma,2
46.jpeg,.\\Data\DataSet\training\41495 Phoma\46.jpeg,41495 Phoma,2
47.jpeg,.\\Data\DataSet\training\41495 Phoma\47.jpeg,41495 Phoma,2
48.jpeg,.\\Data\DataSet\training\41495 Phoma\48.jpeg,41495 Phoma,2
49.jpeg,.\\Data\DataSet\training\41495 Phoma\49.jpeg,41495 Phoma,2
5.jpeg,.\\Data\DataSet\training\41495 Phoma\5.jpeg,41495 Phoma,2
50.jpeg,.\\Data\DataSet\training\41495 Phoma\50.jpeg,41495 Phoma,2
51.jpeg,.\\Data\DataSet\training\41495 Phoma\51.jpeg,41495 Phoma,2
52.jpeg,.\\Data\DataSet\training\41495 Phoma\52.jpeg,41495 Phoma,2
53.jpeg,.\\Data\DataSet\training\41495 Phoma\53.jpeg,41495 Phoma,2
54.jpeg,.\\Data\DataSet\training\41495 Phoma\54.jpeg,41495 Phoma,2
55.jpeg,.\\Data\DataSet\training\41495 Phoma\55.jpeg,41495 Phoma,2
6.jpeg,.\\Data\DataSet\training\41495 Phoma\6.jpeg,41495 Phoma,2
60.jpeg,.\\Data\DataSet\training\41495 Phoma\60.jpeg,41495 Phoma,2
61.jpeg,.\\Data\DataSet\training\41495 Phoma\61.jpeg,41495 Phoma,2
62.jpeg,.\\Data\DataSet\training\41495 Phoma\62.jpeg,41495 Phoma,2
63.jpeg,.\\Data\DataSet\training\41495 Phoma\63.jpeg,41495 Phoma,2
64.jpeg,.\\Data\DataSet\training\41495 Phoma\64.jpeg,41495 Phoma,2
65.jpeg,.\\Data\DataSet\training\41495 Phoma\65.jpeg,41495 Phoma,2
66.jpeg,.\\Data\DataSet\training\41495 Phoma\66.jpeg,41495 Phoma,2
67.jpeg,.\\Data\DataSet\training\41495 Phoma\67.jpeg,41495 Phoma,2
68.jpeg,.\\Data\DataSet\training\41495 Phoma\68.jpeg,41495 Phoma,2
69.jpeg,.\\Data\DataSet\training\41495 Phoma\69.jpeg,41495 Phoma,2
7.jpeg,.\\Data\DataSet\training\41495 Phoma\7.jpeg,41495 Phoma,2
70.jpeg,.\\Data\DataSet\training\41495 Phoma\70.jpeg,41495 Phoma,2
75.jpeg,.\\Data\DataSet\training\41495 Phoma\75.jpeg,41495 Phoma,2
76.jpeg,.\\Data\DataSet\training\41495 Phoma\76.jpeg,41495 Phoma,2
77.jpeg,.\\Data\DataSet\training\41495 Phoma\77.jpeg,41495 Phoma,2
78.jpeg,.\\Data\DataSet\training\41495 Phoma\78.jpeg,41495 Phoma,2
79.jpeg,.\\Data\DataSet\training\41495 Phoma\79.jpeg,41495 Phoma,2
8.jpeg,.\\Data\DataSet\training\41495 Phoma\8.jpeg,41495 Phoma,2
80.jpeg,.\\Data\DataSet\training\41495 Phoma\80.jpeg,41495 Phoma,2
81.jpeg,.\\Data\DataSet\training\41495 Phoma\81.jpeg,41495 Phoma,2
82.jpeg,.\\Data\DataSet\training\41495 Phoma\82.jpeg,41495 Phoma,2
83.jpeg,.\\Data\DataSet\training\41495 Phoma\83.jpeg,41495 Phoma,2
84.jpeg,.\\Data\DataSet\training\41495 Phoma\84.jpeg,41495 Phoma,2
85.jpeg,.\\Data\DataSet\training\41495 Phoma\85.jpeg,41495 Phoma,2
9.jpeg,.\\Data\DataSet\training\41495 Phoma\9.jpeg,41495 Phoma,2
90.jpeg,.\\Data\DataSet\training\41495 Phoma\90.jpeg,41495 Phoma,2
91.jpeg,.\\Data\DataSet\training\41495 Phoma\91.jpeg,41495 Phoma,2
92.jpeg,.\\Data\DataSet\training\41495 Phoma\92.jpeg,41495 Phoma,2
93.jpeg,.\\Data\DataSet\training\41495 Phoma\93.jpeg,41495 Phoma,2
94.jpeg,.\\Data\DataSet\training\41495 Phoma\94.jpeg,41495 Phoma,2
95.jpeg,.\\Data\DataSet\training\41495 Phoma\95.jpeg,41495 Phoma,2
96.jpeg,.\\Data\DataSet\training\41495 Phoma\96.jpeg,41495 Phoma,2
97.jpeg,.\\Data\DataSet\training\41495 Phoma\97.jpeg,41495 Phoma,2
98.jpeg,.\\Data\DataSet\training\41495 Phoma\98.jpeg,41495 Phoma,2
99.jpeg,.\\Data\DataSet\training\41495 Phoma\99.jpeg,41495 Phoma,2
